"id","name","categories"
"A1B0AD01-740C-41E7-8412-FBBEDD5F1443","ATM","Convenience"
"A1B0AD01-740C-41E7-8412-FBBEDD5F1443","ATM"," Souvenirs and Supplies"
"A1B0AD01-740C-41E7-8412-FBBEDD5F1443","Cash Machine","Convenience"
"A1B0AD01-740C-41E7-8412-FBBEDD5F1443","Cash Machine"," Souvenirs and Supplies"
"4E4D076A-6866-46C8-A28B-A129E2B8F3DB","Accessible Rooms","Accessibility"
"04D29064-B9A1-4031-AD0E-98E31EF69604","Accessible Sites","Accessibility"
"0E2B9B01-9AC3-4AAF-A801-8027314BE863","Airboat Launch","Boating"
"B509969B-F06A-4DCC-BBB3-134964D896E2","Amphitheater","Interpretive"
"B509969B-F06A-4DCC-BBB3-134964D896E2","Amphitheater"," Recreation"
"89397A1A-3517-4941-8D30-037856E9D063","Animal-Safe Food Storage","Safety"
"64D6A0A9-8219-4B57-97A9-9DFB527831F8","Aquatic Invasive Species Inspection","Boating"
"CBD31D2A-DD1A-4C5D-88C1-67B6B7147CE9","Assistive Listening Systems","Accessibility"
"BD2D6111-3E55-4838-A943-66203D9D95D6","Assistive Listening Systems - T-Coil Compatible","Accessibility"
"7DC6C690-2BC3-4344-9691-EF9FCFB6E506","Audio Description","Accessibility"
"8BFB0FF0-0B32-402B-8B73-C8028E56501E","Audio Description - Live","Accessibility"
"F4A842CB-C966-402E-BBD3-AB86EDCF8403","Automated Entrance","Accessibility"
"03A732CF-E5FD-473D-A78B-BDC4D20721BF","Automated External Defibrillator (AED)","Emergency"
"03A732CF-E5FD-473D-A78B-BDC4D20721BF","Automated External Defibrillator (AED)"," Safety"
"B166EAD1-0D3E-4111-AE04-D5AB15DFDEDC","Baby Changing Station","Convenience"
"7029B5F0-D918-4E8A-B066-6F221BB8C061","Backcountry Permits","Permits and Passes"
"63734D6E-3330-4EED-B916-52B3F625A091","Beach","Recreation"
"63734D6E-3330-4EED-B916-52B3F625A091","Water Access","Recreation"
"CABB4B31-8D23-4560-B359-6A12AF5621A9","Bear Canister Purchase","Safety"
"CABB4B31-8D23-4560-B359-6A12AF5621A9","Bear Canister Purchase"," Souvenirs and Supplies"
"CABB4B31-8D23-4560-B359-6A12AF5621A9","Rental","Safety"
"CABB4B31-8D23-4560-B359-6A12AF5621A9","Rental"," Souvenirs and Supplies"
"7C64C0C4-5535-4E78-A04C-F78EBBFC3DAD","Bear Spray Purchase","Safety"
"7C64C0C4-5535-4E78-A04C-F78EBBFC3DAD","Bear Spray Purchase"," Souvenirs and Supplies"
"7C64C0C4-5535-4E78-A04C-F78EBBFC3DAD","Rental","Safety"
"7C64C0C4-5535-4E78-A04C-F78EBBFC3DAD","Rental"," Souvenirs and Supplies"
"20291812-E85C-4A84-B8A2-E31C8D149704","Benches","Convenience"
"20291812-E85C-4A84-B8A2-E31C8D149704","Seating","Convenience"
"5BDFF349-2F74-490E-A33E-C35286152050","Bicycle - Rack","Biking"
"5BDFF349-2F74-490E-A33E-C35286152050","Bicycle - Rack"," Recreation"
"EDA44DDD-DC61-4EAE-84AD-78FA52D98406","Bicycle - Rental","Biking"
"EDA44DDD-DC61-4EAE-84AD-78FA52D98406","Bicycle - Rental"," Recreation"
"EDA44DDD-DC61-4EAE-84AD-78FA52D98406","Bicycle - Rental"," Transportation"
"DBADDA45-B695-4214-98D7-D3F886489421","Bicycle - Repair","Biking"
"DBADDA45-B695-4214-98D7-D3F886489421","Bicycle - Repair"," Emergency"
"37E409E6-FD87-456F-8A29-7C8287220FBF","Bicycle - Sharing Station","Biking"
"37E409E6-FD87-456F-8A29-7C8287220FBF","Bicycle - Sharing Station"," Recreation"
"37E409E6-FD87-456F-8A29-7C8287220FBF","Bicycle - Sharing Station"," Transportation"
"1FDBBA99-3E2C-4AAB-AEE3-35B015F744E7","Boat Ramp","Boating"
"1FDBBA99-3E2C-4AAB-AEE3-35B015F744E7","Boat Ramp"," Recreation"
"FB1516EF-7AC9-4A58-B6CC-6F982890011B","Boat Rental","Boating"
"27A7E3AB-CA53-41D3-AEDE-FBF74D20F023","Braille","Accessibility"
"DA9F2E5C-E46B-4F62-893E-4364D35931DC","Bus","Transportation"
"DA9F2E5C-E46B-4F62-893E-4364D35931DC","Shuttle Stop","Transportation"
"73C1C87E-F4EC-464D-BAEE-1F95876C24F4","Canoe","Boating"
"73C1C87E-F4EC-464D-BAEE-1F95876C24F4","Canoe"," Recreation"
"73C1C87E-F4EC-464D-BAEE-1F95876C24F4","Kayak","Boating"
"73C1C87E-F4EC-464D-BAEE-1F95876C24F4","Kayak"," Recreation"
"73C1C87E-F4EC-464D-BAEE-1F95876C24F4","Small Boat Launch","Boating"
"73C1C87E-F4EC-464D-BAEE-1F95876C24F4","Small Boat Launch"," Recreation"
"3B84C2C8-E890-4EE5-B0E7-FA157EFD8DAC","Captioned Media","Accessibility"
"48562BFB-834B-43F2-B865-E174C372032B","Cellular Signal","Convenience"
"91062A96-BF79-4719-9679-BB5461B7620A","Dock","Accessibility"
"91062A96-BF79-4719-9679-BB5461B7620A","Dock"," Boating"
"91062A96-BF79-4719-9679-BB5461B7620A","Dock"," Recreation"
"91062A96-BF79-4719-9679-BB5461B7620A","Pier","Accessibility"
"91062A96-BF79-4719-9679-BB5461B7620A","Pier"," Boating"
"91062A96-BF79-4719-9679-BB5461B7620A","Pier"," Recreation"
"D81436AE-5DB6-462B-A4F2-1DC3780A06D9","Electric Car Charging Station","Fuel"
"57E44FD1-410F-4488-A389-3D27E045CB79","Electrical Hookup - Boat","Boating"
"57E44FD1-410F-4488-A389-3D27E045CB79","RV","Boating"
"1C1B932D-32B6-4BAA-8AA6-497F08CC22BF","Electrical Outlet","Convenience"
"1C1B932D-32B6-4BAA-8AA6-497F08CC22BF","Cell Phone Charging","Convenience"
"AB14DDED-4C61-4842-9D1F-1C9578A10802","Elevator","Accessibility"
"1D08E7AD-5634-4185-80F4-B4C3CB5BD927","Entrance Passes for Sale","Permits and Passes"
"63C7E515-6380-4092-83ED-FE1177F72A36","Ferry - Passenger","Transportation"
"BBB07B4A-2217-4FEA-AFD5-1E3B2ED674FF","Ferry - Vehicle","Transportation"
"802BE109-511F-47D9-84D5-18DDA1C90771","Fire Extinguisher","Emergency"
"802BE109-511F-47D9-84D5-18DDA1C90771","Fire Extinguisher"," Safety"
"0A4F29B3-7FC1-4D4A-BD71-3B7E08CD4BCC","Fire Pit","Recreation"
"28BF85F5-E93F-4EF1-A89B-05C99FCD808A","Firewood For Sale","Souvenirs and Supplies"
"28BF85F5-E93F-4EF1-A89B-05C99FCD808A","Available","Souvenirs and Supplies"
"5BA727FA-943D-418D-A238-44127EBA6EDB","First Aid Kit Available","Emergency"
"5BA727FA-943D-418D-A238-44127EBA6EDB","First Aid Kit Available"," Safety"
"2DEE6458-72F8-4C97-9279-5C3E90B19888","First Aid","Emergency"
"2DEE6458-72F8-4C97-9279-5C3E90B19888","First Aid"," Safety"
"2DEE6458-72F8-4C97-9279-5C3E90B19888","Medical Care Available","Emergency"
"2DEE6458-72F8-4C97-9279-5C3E90B19888","Medical Care Available"," Safety"
"2F2EE214-4BAB-4132-AFE4-2F664E5E80C5","Fish-Cleaning Station","Fishing"
"4ACBE3CB-3CBB-47B6-8223-A7EE0342DC6D","Fishing Licenses Issued","Fishing"
"4ACBE3CB-3CBB-47B6-8223-A7EE0342DC6D","Fishing Licenses Issued"," Information Available"
"4ACBE3CB-3CBB-47B6-8223-A7EE0342DC6D","Fishing Licenses Issued"," Souvenirs and Supplies"
"383F944C-35BA-43E3-8EEA-24953836B8C5","Food","Food"
"383F944C-35BA-43E3-8EEA-24953836B8C5","Drink - Bar","Food"
"383F944C-35BA-43E3-8EEA-24953836B8C5","Alcohol For Sale","Food"
"D0D77D00-38EA-40F2-91E3-5FDCE3932A49","Food","Food"
"D0D77D00-38EA-40F2-91E3-5FDCE3932A49","Drink - Cafeteria","Food"
"5D1ADBE5-E75D-4657-9577-FB5A6A90C7F9","Food","Food"
"5D1ADBE5-E75D-4657-9577-FB5A6A90C7F9","Drink - Coffee","Food"
"3B482494-83EF-48D9-A626-FC00EFD4F4A4","Food","Food"
"3B482494-83EF-48D9-A626-FC00EFD4F4A4","Drink - Ice Cream","Food"
"2F798138-5D0A-468E-96DA-0A07F03031B0","Food","Food"
"2F798138-5D0A-468E-96DA-0A07F03031B0","Drink - Restaurant","Food"
"2F798138-5D0A-468E-96DA-0A07F03031B0","Table Service","Food"
"29D286B6-069C-4204-AF35-AE7744B71212","Food","Food"
"29D286B6-069C-4204-AF35-AE7744B71212","Food"," Souvenirs and Supplies"
"29D286B6-069C-4204-AF35-AE7744B71212","Drink - Snacks","Food"
"29D286B6-069C-4204-AF35-AE7744B71212","Drink - Snacks"," Souvenirs and Supplies"
"4F26643C-FAAF-40CE-85F7-38DEC4746BE6","Food","Food"
"4F26643C-FAAF-40CE-85F7-38DEC4746BE6","Food"," Souvenirs and Supplies"
"4F26643C-FAAF-40CE-85F7-38DEC4746BE6","Drink - Vending Machine","Food"
"4F26643C-FAAF-40CE-85F7-38DEC4746BE6","Drink - Vending Machine"," Souvenirs and Supplies"
"4F26643C-FAAF-40CE-85F7-38DEC4746BE6","Self Service","Food"
"4F26643C-FAAF-40CE-85F7-38DEC4746BE6","Self Service"," Souvenirs and Supplies"
"B088B448-D7EF-4781-B79E-76C75B54EFA7","Fuel (Diesel)","Fuel"
"2E5D791D-B040-45FD-9B61-82979A984102","Fuel (Unleaded)","Fuel"
"3476E39B-5402-4999-99B3-AC8F030629E7","Gifts","Convenience"
"3476E39B-5402-4999-99B3-AC8F030629E7","Gifts"," Souvenirs and Supplies"
"3476E39B-5402-4999-99B3-AC8F030629E7","Souvenirs","Convenience"
"3476E39B-5402-4999-99B3-AC8F030629E7","Souvenirs"," Souvenirs and Supplies"
"3476E39B-5402-4999-99B3-AC8F030629E7","Books","Convenience"
"3476E39B-5402-4999-99B3-AC8F030629E7","Books"," Souvenirs and Supplies"
"6E639F57-CC17-40FB-B6A0-452652066187","Grill","Picnic"
"8741D9DE-239A-4739-9920-4844BB587E6A","Groceries","Convenience"
"8741D9DE-239A-4739-9920-4844BB587E6A","Groceries"," Food"
"8741D9DE-239A-4739-9920-4844BB587E6A","Groceries"," Souvenirs and Supplies"
"8741D9DE-239A-4739-9920-4844BB587E6A","Convenience Items","Convenience"
"8741D9DE-239A-4739-9920-4844BB587E6A","Convenience Items"," Food"
"8741D9DE-239A-4739-9920-4844BB587E6A","Convenience Items"," Souvenirs and Supplies"
"2856392B-17A7-4413-8521-C13A8D2188EB","Historical","Interpretive"
"2856392B-17A7-4413-8521-C13A8D2188EB","Interpretive Information","Interpretive"
"2856392B-17A7-4413-8521-C13A8D2188EB","Exhibits","Interpretive"
"ECFE1156-9072-4959-96C2-8D74AB14BEA6","Hitching Post","Convenience"
"ECFE1156-9072-4959-96C2-8D74AB14BEA6","Hitching Post"," Recreation"
"ECFE1156-9072-4959-96C2-8D74AB14BEA6","Corral","Convenience"
"ECFE1156-9072-4959-96C2-8D74AB14BEA6","Corral"," Recreation"
"EC76D4B1-F391-45EB-AEC4-DC96B3F58194","Ice","Souvenirs and Supplies"
"0AF7920C-2F54-42A7-88CA-F2EEBCB15655","Information","Information Available"
"7E66CA2E-40AD-487E-8A04-8A9A2E4897C9","Information - Maps Available","Convenience"
"7E66CA2E-40AD-487E-8A04-8A9A2E4897C9","Information - Maps Available"," Information Available"
"6815A395-2988-4AF3-8006-50224AD05193","Information - Park Newspaper Available","Information Available"
"8320DDEA-91E7-411D-81B4-5D31CCA2267B","Information - Ranger","Information Available"
"8320DDEA-91E7-411D-81B4-5D31CCA2267B","Staff Member Present","Information Available"
"80E207D6-E9C3-4075-9823-26D23E963FA2","Information Kiosk","Information Available"
"80E207D6-E9C3-4075-9823-26D23E963FA2","Bulletin Board","Information Available"
"9EA123B3-E118-4BE9-BF49-EE93F1BA645B","Internet","Convenience"
"9EA123B3-E118-4BE9-BF49-EE93F1BA645B","WiFi Available","Convenience"
"8AAA9B54-1797-4B6E-8F62-AC33F6BAD3E6","Junior Ranger Activity","Junior Ranger Program"
"1D89D866-66BC-4CB9-9640-0291F984C29B","Junior Ranger Booklet Available","Junior Ranger Program"
"27798945-B557-42A5-8599-90B92635EC06","Kennel","Convenience"
"0A8D7236-5316-4128-978D-31FE059031F8","Large Print","Accessibility"
"B108A32A-52A4-4C4E-B178-0276BFBD9555","Laundry","Convenience"
"7760752A-8879-43F8-A338-6796D652D4EF","Lifejacket Rentals","Boating"
"7760752A-8879-43F8-A338-6796D652D4EF","Lifejacket Rentals"," Safety"
"B190FA09-B841-434B-8A72-C78D59BF91EB","Locker","Convenience"
"B190FA09-B841-434B-8A72-C78D59BF91EB","Locker"," Safety"
"B190FA09-B841-434B-8A72-C78D59BF91EB","Storage","Convenience"
"B190FA09-B841-434B-8A72-C78D59BF91EB","Storage"," Safety"
"6297C73A-5B8D-4D0E-BAD1-5E47F244D20A","Low-Vision Access","Accessibility"
"F9BA4FBF-C247-46C7-A699-2C2E7D954D30","Mechanic","Convenience"
"F9BA4FBF-C247-46C7-A699-2C2E7D954D30","Mechanic"," Emergency"
"F9BA4FBF-C247-46C7-A699-2C2E7D954D30","Mechanic"," Transportation"
"163C13BC-0AD5-4190-8D1F-0B7E2C1B0BA3","Open Captioning","Accessibility"
"B760D6E2-3616-4D8B-ABF2-B875B7966831","Parking - Auto","Parking"
"EDA1E992-DA2B-4933-A7AD-23E3B7BFA602","Parking - Boat Trailer","Boating"
"EDA1E992-DA2B-4933-A7AD-23E3B7BFA602","Parking - Boat Trailer"," Parking"
"0965B1F3-A824-4A31-98C9-86CCD2889220","Parking - Bus","Parking"
"0965B1F3-A824-4A31-98C9-86CCD2889220","RV","Parking"
"24140B47-F8FE-4046-BB6A-817F9E165959","Permits Issued","Permits and Passes"
"C115FEF5-6B42-4850-8226-08E048E82520","Pet Boarding","Pet-Friendly"
"683F4979-D6E5-461F-93B8-2DAE5DF0124A","Pet Waste Disposal","Pet-Friendly"
"D7D63B75-2A7E-4715-856A-D8479DB9602A","Pets Allowed","Pet-Friendly"
"DAB8DE0A-44A2-4AB5-8914-9528BF9413DB","Picnic Shelter","Picnic"
"DAB8DE0A-44A2-4AB5-8914-9528BF9413DB","Picnic Shelter"," Recreation"
"DAB8DE0A-44A2-4AB5-8914-9528BF9413DB","Pavilion","Picnic"
"DAB8DE0A-44A2-4AB5-8914-9528BF9413DB","Pavilion"," Recreation"
"6B68B30A-40C9-4745-9397-4899B59B0B7E","Picnic Table","Picnic"
"6B68B30A-40C9-4745-9397-4899B59B0B7E","Picnic Table"," Recreation"
"7736B50E-5210-46C3-B59D-5C5D1886C2A6","Playground","Recreation"
"053D7823-0372-4A24-8316-A6D728C4DA65","Primitive Campsites","Campsites"
"8E6BF478-B938-469F-B5B8-2938DA389FF3","Propane For Sale","Convenience"
"8E6BF478-B938-469F-B5B8-2938DA389FF3","Propane For Sale"," Fuel"
"8E6BF478-B938-469F-B5B8-2938DA389FF3","Propane For Sale"," Souvenirs and Supplies"
"6DB7E488-F085-4ECA-AB53-901B1C1D1F6D","Propane Recycling","Convenience"
"A0038A57-E213-46E7-BD5F-40E9AE18014F","Public Transit","Transportation"
"C3216D86-E013-434E-845F-0CFAE58C8914","Recreational Field","Recreation"
"4706077B-00CB-4D07-80C7-48B2D5ADEFA2","Recycling","Convenience"
"2883D965-1CA4-4858-B759-A5866CA8A188","Restroom","Restrooms"
"75F2DA2A-1741-445A-9FA7-B63A81E4BD7F","Restroom - Accessible","Accessibility"
"75F2DA2A-1741-445A-9FA7-B63A81E4BD7F","Restroom - Accessible"," Restrooms"
"D6220FCB-F005-4C26-942C-2BE168819AE3","Restroom - Family","Restrooms"
"3AE99969-54E5-4A4E-AE43-5A11209D0120","Restroom - Seasonal","Restrooms"
"79247274-A3FB-42C4-9361-45A2BFADE78C","Scenic View","Recreation"
"79247274-A3FB-42C4-9361-45A2BFADE78C","Photo Spot","Recreation"
"00FD91F9-D3A5-41FC-B506-B0AB6CABEF3B","Sea Plane Launch","Transportation"
"66F39143-96B7-44BC-BE90-EB44C361B448","Sewage Dump Station - Boat","Convenience"
"66F39143-96B7-44BC-BE90-EB44C361B448","RV","Convenience"
"135075E7-68DA-4E84-AF9D-63ACBDF809CC","Sewer Hookups - Boat","Convenience"
"135075E7-68DA-4E84-AF9D-63ACBDF809CC","RV","Convenience"
"7B13EFFB-40DA-439C-AB41-9756EC32D22E","Shelter","Convenience"
"7B13EFFB-40DA-439C-AB41-9756EC32D22E","Cabin","Convenience"
"94E21603-85F3-48C5-96B6-556E46FA2518","Showers","Convenience"
"347D79CD-4FEC-4218-86C4-079F0FE94945","Sign Language Interpreter","Accessibility"
"F903E427-5E1C-44C0-B127-79C9054FBEBA","Ski Rental","Recreation"
"F903E427-5E1C-44C0-B127-79C9054FBEBA","Ski Rental"," Winter Recreation"
"460AECEB-2158-47B4-8DAC-40041649C0F3","Supplies - Camping","Souvenirs and Supplies"
"460AECEB-2158-47B4-8DAC-40041649C0F3","Outdoor","Souvenirs and Supplies"
"A57ABD0E-7A70-4F0F-B130-9D36636AAC99","Supplies - Fishing","Boating"
"A57ABD0E-7A70-4F0F-B130-9D36636AAC99","Supplies - Fishing"," Fishing"
"A57ABD0E-7A70-4F0F-B130-9D36636AAC99","Supplies - Fishing"," Souvenirs and Supplies"
"A57ABD0E-7A70-4F0F-B130-9D36636AAC99","Boating","Boating"
"A57ABD0E-7A70-4F0F-B130-9D36636AAC99","Boating"," Fishing"
"A57ABD0E-7A70-4F0F-B130-9D36636AAC99","Boating"," Souvenirs and Supplies"
"94006F6C-4EEF-489C-B8E6-FF1565E25F84","Supplies - General","Souvenirs and Supplies"
"D7E4E6D8-4BAD-4758-8E76-97ED800502E8","Swimming Pool","Recreation"
"1FF653F6-1F20-425C-A16A-B8D6210CD759","Tactile Exhibit","Accessibility"
"343F0388-C62A-4FEB-A790-E73253ECDDB2","Telephone","Convenience"
"E1467219-BFA0-4A9F-AB38-3B35E3CEC067","Tent Campsites","Campsites"
"BF109EEC-1E9C-4015-B5D1-829FE122C64B","Text Telephone","Accessibility"
"BF109EEC-1E9C-4015-B5D1-829FE122C64B","TTY","Accessibility"
"A5EA8D15-1DFE-43D4-B2C4-B76DD927CE50","Theater","Interpretive"
"A5EA8D15-1DFE-43D4-B2C4-B76DD927CE50","Auditorium","Interpretive"
"C7577040-41BF-4948-9521-7044E09ABF7C","Ticket Sales","Permits and Passes"
"CC4A51EF-1CB8-4625-9A9B-3AC77AF2F668","Toilet - Flush","Restrooms"
"F84C0528-0D1A-45A2-B644-B3C059B3D224","Toilet - Vault","Restrooms"
"F84C0528-0D1A-45A2-B644-B3C059B3D224","Composting","Restrooms"
"39BE9614-4284-4B29-A650-AB2E7215C58B","Trailhead","Hiking"
"39BE9614-4284-4B29-A650-AB2E7215C58B","Trailhead"," Recreation"
"6F58A577-4B56-46B9-B170-A5A5F670E245","Trailhead","Hiking"
"6F58A577-4B56-46B9-B170-A5A5F670E245","Trailhead"," Recreation"
"6F58A577-4B56-46B9-B170-A5A5F670E245","Trailhead"," Safety"
"6F58A577-4B56-46B9-B170-A5A5F670E245","Hiker Register","Hiking"
"6F58A577-4B56-46B9-B170-A5A5F670E245","Hiker Register"," Recreation"
"6F58A577-4B56-46B9-B170-A5A5F670E245","Hiker Register"," Safety"
"4EDE1652-84E4-4219-8D20-26317D4B61DA","Trash Dumpster","Convenience"
"4D4C1C32-793D-4440-8098-DBCA0126EDFD","Trash","Convenience"
"4D4C1C32-793D-4440-8098-DBCA0126EDFD","Litter Receptacles","Convenience"
"3A8EC9F0-6CC6-48CE-9AA2-1B257B074383","Volume-Controlled Telephone","Accessibility"
"23682251-700A-4DE2-8FD8-BD680F53DF82","Water - Bottle-Filling Station","Convenience"
"23682251-700A-4DE2-8FD8-BD680F53DF82","Water - Bottle-Filling Station"," Drinking Water"
"23682251-700A-4DE2-8FD8-BD680F53DF82","Water - Bottle-Filling Station"," Safety"
"9A652919-D548-4850-8053-798CDC2C762B","Water - Drinking","Convenience"
"9A652919-D548-4850-8053-798CDC2C762B","Water - Drinking"," Drinking Water"
"9A652919-D548-4850-8053-798CDC2C762B","Water - Drinking"," Safety"
"9A652919-D548-4850-8053-798CDC2C762B","Potable","Convenience"
"9A652919-D548-4850-8053-798CDC2C762B","Potable"," Drinking Water"
"9A652919-D548-4850-8053-798CDC2C762B","Potable"," Safety"
"3CC88D72-D320-4E33-8D70-00A583E7F479","Water - Hookup - Boat","Convenience"
"3CC88D72-D320-4E33-8D70-00A583E7F479","RV","Convenience"
"08EDBF67-DF67-4D3B-83C1-8B2844228C4D","Water - Non-Potable","Convenience"
"EAB59B1F-2FA1-4545-A322-2C19149AF7FC","Wheelchair Accessible","Accessibility"
"1CF3D18E-C6A7-4462-9990-86B59383A9C3","Wheelchairs Available","Accessibility"
