"parkCode","isFeeFreePark","isInteragencyPassAccepted","cashless","isParkingFeePossible","isParkingOrTransportationFeePossible"
"abli",TRUE,FALSE,"No",FALSE,FALSE
"acad",FALSE,TRUE,"Depends on Location",FALSE,FALSE
"adam",FALSE,TRUE,"Yes",FALSE,FALSE
"afam",TRUE,FALSE,"Depends on Location",TRUE,TRUE
"afbg",TRUE,FALSE,"Unknown",FALSE,FALSE
"agfo",TRUE,FALSE,"Unknown",FALSE,FALSE
"alag",TRUE,FALSE,"Unknown",FALSE,FALSE
"alca",TRUE,FALSE,"No",TRUE,TRUE
"aleu",TRUE,FALSE,"Unknown",FALSE,FALSE
"alfl",TRUE,FALSE,"No",FALSE,FALSE
"alka",FALSE,FALSE,"Unknown",FALSE,FALSE
"alpo",TRUE,FALSE,"Unknown",FALSE,FALSE
"amch",TRUE,FALSE,"Unknown",FALSE,FALSE
"amis",TRUE,TRUE,"Yes",FALSE,FALSE
"amme",TRUE,FALSE,"Yes",FALSE,FALSE
"anac",TRUE,FALSE,"Unknown",FALSE,FALSE
"anch",TRUE,FALSE,"Unknown",TRUE,TRUE
"ande",TRUE,FALSE,"Unknown",FALSE,FALSE
"ania",TRUE,FALSE,"Unknown",FALSE,FALSE
"anjo",TRUE,FALSE,"Yes",FALSE,FALSE
"anti",FALSE,TRUE,"Yes",FALSE,FALSE
"apco",TRUE,FALSE,"Unknown",FALSE,FALSE
"apis",TRUE,FALSE,"Unknown",TRUE,TRUE
"appa",FALSE,FALSE,"Unknown",FALSE,FALSE
"arch",FALSE,TRUE,"Depends on Location",FALSE,FALSE
"arho",TRUE,FALSE,"Unknown",TRUE,TRUE
"arpo",TRUE,FALSE,"Unknown",FALSE,FALSE
"asis",FALSE,TRUE,"Depends on Location",FALSE,FALSE
"azru",TRUE,FALSE,"No",FALSE,FALSE
"badl",FALSE,TRUE,"Yes",FALSE,FALSE
"band",FALSE,TRUE,"Yes",FALSE,FALSE
"bawa",TRUE,FALSE,"Unknown",FALSE,FALSE
"bela",TRUE,FALSE,"Unknown",FALSE,FALSE
"beol",FALSE,TRUE,"Yes",FALSE,FALSE
"bepa",TRUE,FALSE,"Unknown",FALSE,FALSE
"bibe",FALSE,TRUE,"Yes",FALSE,FALSE
"bica",TRUE,FALSE,"No",FALSE,FALSE
"bicr",TRUE,FALSE,"Unknown",FALSE,FALSE
"bicy",TRUE,FALSE,"Unknown",FALSE,FALSE
"biho",TRUE,FALSE,"Unknown",FALSE,FALSE
"bisc",TRUE,FALSE,"Unknown",TRUE,TRUE
"biso",TRUE,TRUE,"Depends on Location",FALSE,FALSE
"bith",TRUE,FALSE,"Unknown",FALSE,FALSE
"blca",FALSE,TRUE,"No",FALSE,FALSE
"blri",TRUE,TRUE,"Yes",FALSE,FALSE
"blrv",TRUE,FALSE,"No",FALSE,FALSE
"blsc",TRUE,FALSE,"Unknown",FALSE,FALSE
"blue",TRUE,FALSE,"Unknown",FALSE,FALSE
"boaf",TRUE,FALSE,"Unknown",FALSE,FALSE
"boha",TRUE,FALSE,"Unknown",FALSE,FALSE
"bost",TRUE,FALSE,"Unknown",FALSE,FALSE
"bowa",TRUE,FALSE,"Unknown",FALSE,FALSE
"brca",FALSE,TRUE,"Yes",FALSE,FALSE
"brcr",TRUE,FALSE,"Unknown",FALSE,FALSE
"brvb",TRUE,FALSE,"No",FALSE,FALSE
"buff",TRUE,FALSE,"Unknown",FALSE,FALSE
"buis",TRUE,FALSE,"Unknown",FALSE,FALSE
"buov",TRUE,FALSE,"Unknown",FALSE,FALSE
"cabr",FALSE,TRUE,"No",FALSE,FALSE
"cach",TRUE,FALSE,"Unknown",FALSE,FALSE
"cacl",TRUE,FALSE,"Unknown",FALSE,FALSE
"caco",FALSE,TRUE,"No",FALSE,FALSE
"cagr",TRUE,FALSE,"Unknown",FALSE,FALSE
"caha",TRUE,FALSE,"Unknown",TRUE,TRUE
"cahi",TRUE,FALSE,"Unknown",FALSE,FALSE
"cajo",TRUE,FALSE,"Unknown",FALSE,FALSE
"cakr",TRUE,FALSE,"Unknown",FALSE,FALSE
"cali",TRUE,FALSE,"Unknown",FALSE,FALSE
"calo",TRUE,FALSE,"Depends on Location",TRUE,TRUE
"came",TRUE,FALSE,"Unknown",FALSE,FALSE
"camo",TRUE,FALSE,"Unknown",FALSE,FALSE
"cana",FALSE,TRUE,"Yes",FALSE,FALSE
"cane",TRUE,FALSE,"Unknown",FALSE,FALSE
"cany",FALSE,TRUE,"Depends on Location",FALSE,FALSE
"care",FALSE,TRUE,"No",FALSE,FALSE
"cari",TRUE,FALSE,"Unknown",FALSE,FALSE
"carl",TRUE,FALSE,"Depends on Location",FALSE,FALSE
"casa",FALSE,TRUE,"Yes",FALSE,FALSE
"cato",TRUE,FALSE,"Unknown",FALSE,FALSE
"cave",FALSE,TRUE,"No",FALSE,FALSE
"cavo",FALSE,TRUE,"Yes",FALSE,FALSE
"cawo",TRUE,FALSE,"Unknown",FALSE,FALSE
"cbpo",TRUE,FALSE,"Unknown",FALSE,FALSE
"cebe",TRUE,FALSE,"No",FALSE,FALSE
"cebr",FALSE,TRUE,"Yes",FALSE,FALSE
"cech",TRUE,FALSE,"Unknown",FALSE,FALSE
"cham",TRUE,FALSE,"Unknown",FALSE,FALSE
"chat",FALSE,TRUE,"Yes",FALSE,FALSE
"chch",FALSE,TRUE,"Yes",FALSE,FALSE
"chcu",FALSE,TRUE,"Yes",FALSE,FALSE
"chic",TRUE,TRUE,"Yes",FALSE,FALSE
"chir",TRUE,FALSE,"Unknown",FALSE,FALSE
"chis",TRUE,FALSE,"Unknown",FALSE,FALSE
"choh",FALSE,TRUE,"Yes",FALSE,FALSE
"chpi",TRUE,FALSE,"Unknown",FALSE,FALSE
"chri",FALSE,TRUE,"No",FALSE,FALSE
"chsc",TRUE,FALSE,"Unknown",FALSE,FALSE
"chyo",TRUE,FALSE,"Unknown",FALSE,FALSE
"ciro",TRUE,FALSE,"No",FALSE,FALSE
"clba",TRUE,FALSE,"Unknown",FALSE,FALSE
"coga",TRUE,FALSE,"Depends on Location",TRUE,TRUE
"colm",FALSE,TRUE,"No",FALSE,FALSE
"colo",FALSE,TRUE,"No",FALSE,FALSE
"colt",FALSE,FALSE,"Unknown",FALSE,FALSE
"cong",TRUE,FALSE,"Unknown",FALSE,FALSE
"coro",TRUE,FALSE,"Unknown",FALSE,FALSE
"cowp",TRUE,FALSE,"No",FALSE,FALSE
"crla",FALSE,TRUE,"Yes",FALSE,FALSE
"crmo",FALSE,TRUE,"Depends on Location",FALSE,FALSE
"cuga",TRUE,FALSE,"Unknown",FALSE,FALSE
"cuis",FALSE,TRUE,"Yes",FALSE,FALSE
"cure",TRUE,FALSE,"Unknown",FALSE,FALSE
"cuva",TRUE,FALSE,"Unknown",FALSE,FALSE
"cwdw",TRUE,FALSE,"Unknown",FALSE,FALSE
"daav",TRUE,FALSE,"Depends on Location",FALSE,FALSE
"ddem",TRUE,FALSE,"Depends on Location",TRUE,TRUE
"dena",FALSE,FALSE,"Yes",FALSE,FALSE
"depo",TRUE,FALSE,"Unknown",TRUE,TRUE
"deso",TRUE,FALSE,"Unknown",FALSE,FALSE
"deto",FALSE,TRUE,"Yes",FALSE,FALSE
"deva",FALSE,TRUE,"Yes",FALSE,FALSE
"dewa",TRUE,FALSE,"Depends on Location",TRUE,TRUE
"dino",FALSE,TRUE,"No",FALSE,FALSE
"drto",FALSE,TRUE,"Yes",FALSE,FALSE
"ebla",TRUE,FALSE,"Depends on Location",FALSE,FALSE
"edal",TRUE,FALSE,"Unknown",FALSE,FALSE
"edis",FALSE,TRUE,"Yes",FALSE,FALSE
"efmo",TRUE,FALSE,"Unknown",FALSE,FALSE
"eise",FALSE,FALSE,"Unknown",FALSE,FALSE
"elca",TRUE,FALSE,"Unknown",FALSE,FALSE
"elis",TRUE,FALSE,"No",TRUE,TRUE
"elma",TRUE,FALSE,"Unknown",FALSE,FALSE
"elmo",TRUE,FALSE,"Unknown",FALSE,FALSE
"elro",TRUE,FALSE,"Unknown",FALSE,FALSE
"elte",TRUE,FALSE,"Unknown",FALSE,FALSE
"euon",TRUE,FALSE,"Unknown",FALSE,FALSE
"ever",FALSE,TRUE,"Yes",FALSE,FALSE
"feha",TRUE,FALSE,"Unknown",FALSE,FALSE
"fiis",TRUE,FALSE,"Unknown",TRUE,TRUE
"fila",TRUE,TRUE,"No",FALSE,FALSE
"flfo",FALSE,TRUE,"Yes",FALSE,FALSE
"flni",TRUE,FALSE,"Unknown",FALSE,FALSE
"fobo",TRUE,FALSE,"Unknown",FALSE,FALSE
"fobu",TRUE,FALSE,"Unknown",FALSE,FALSE
"foda",FALSE,TRUE,"Yes",FALSE,FALSE
"fodo",TRUE,FALSE,"Unknown",FALSE,FALSE
"fodu",TRUE,FALSE,"Unknown",FALSE,FALSE
"fofo",TRUE,FALSE,"No",FALSE,FALSE
"fofr",TRUE,FALSE,"Unknown",FALSE,FALSE
"fola",TRUE,FALSE,"Unknown",FALSE,FALSE
"fols",TRUE,FALSE,"Unknown",FALSE,FALSE
"foma",FALSE,FALSE,"Unknown",FALSE,FALSE
"fomc",FALSE,TRUE,"Yes",FALSE,FALSE
"fomr",TRUE,FALSE,"Unknown",FALSE,FALSE
"fone",TRUE,FALSE,"Unknown",FALSE,FALSE
"fopo",TRUE,FALSE,"Unknown",FALSE,FALSE
"fopu",FALSE,TRUE,"Yes",FALSE,FALSE
"fora",TRUE,FALSE,"Unknown",FALSE,FALSE
"fosc",TRUE,FALSE,"Unknown",FALSE,FALSE
"fosm",TRUE,TRUE,"No",FALSE,FALSE
"fost",TRUE,FALSE,"Unknown",FALSE,FALSE
"fosu",FALSE,TRUE,"Yes",FALSE,FALSE
"foth",FALSE,FALSE,"No",FALSE,FALSE
"foun",TRUE,FALSE,"Unknown",FALSE,FALSE
"fous",TRUE,FALSE,"Unknown",FALSE,FALSE
"fova",FALSE,TRUE,"Yes",FALSE,FALSE
"fowa",TRUE,FALSE,"Unknown",FALSE,FALSE
"frde",TRUE,FALSE,"Depends on Location",TRUE,TRUE
"frdo",TRUE,FALSE,"Unknown",FALSE,FALSE
"frhi",TRUE,FALSE,"Unknown",FALSE,FALSE
"frla",TRUE,FALSE,"Unknown",FALSE,FALSE
"frri",TRUE,FALSE,"Unknown",FALSE,FALSE
"frsp",TRUE,FALSE,"Unknown",FALSE,FALSE
"frst",TRUE,FALSE,"Yes",FALSE,FALSE
"gaar",TRUE,FALSE,"Unknown",FALSE,FALSE
"gari",TRUE,FALSE,"Unknown",FALSE,FALSE
"gate",TRUE,TRUE,"Yes",TRUE,TRUE
"gegr",TRUE,FALSE,"Unknown",FALSE,FALSE
"gero",TRUE,FALSE,"Unknown",FALSE,FALSE
"gett",FALSE,FALSE,"Unknown",FALSE,FALSE
"gewa",TRUE,FALSE,"Yes",FALSE,FALSE
"gicl",TRUE,FALSE,"Unknown",FALSE,FALSE
"glac",FALSE,TRUE,"Yes",FALSE,FALSE
"glba",TRUE,FALSE,"Unknown",FALSE,FALSE
"glca",FALSE,TRUE,"Yes",FALSE,FALSE
"glde",TRUE,FALSE,"Unknown",FALSE,FALSE
"glec",TRUE,FALSE,"Unknown",FALSE,FALSE
"goga",TRUE,TRUE,"Depends on Location",TRUE,TRUE
"gois",TRUE,FALSE,"Unknown",FALSE,FALSE
"gosp",FALSE,TRUE,"Yes",FALSE,FALSE
"grba",TRUE,FALSE,"No",FALSE,FALSE
"grca",FALSE,TRUE,"Yes",FALSE,FALSE
"gree",TRUE,FALSE,"Unknown",FALSE,FALSE
"greg",FALSE,FALSE,"Unknown",FALSE,FALSE
"grfa",FALSE,TRUE,"No",FALSE,FALSE
"grko",TRUE,FALSE,"Yes",FALSE,FALSE
"grpo",TRUE,FALSE,"Yes",FALSE,FALSE
"grsa",FALSE,TRUE,"Yes",FALSE,FALSE
"grsm",TRUE,FALSE,"Depends on Location",TRUE,TRUE
"grsp",FALSE,FALSE,"Unknown",FALSE,FALSE
